label	x	y	z
AF1	-0.1608	0.8064	0.5692
AF10	0.5878	0.8090	0.0000
AF10H	0.5806	0.7991	0.1564
AF1H	-0.0810	0.8083	0.5832
AF2	0.1608	0.8064	0.5692
AF2H	0.0810	0.8083	0.5832
AF3	-0.3130	0.7986	0.5142
AF3H	-0.2385	0.8031	0.5461
AF4	0.3130	0.7986	0.5142
AF4H	0.2385	0.8031	0.5461
AF5	-0.4481	0.7861	0.4259
AF5H	-0.3832	0.7929	0.4740
AF6	0.4481	0.7861	0.4259
AF6H	0.3832	0.7929	0.4740
AF7	-0.5590	0.7695	0.3090
AF7H	-0.5070	0.7782	0.3706
AF8	0.5590	0.7695	0.3090
AF8H	0.5070	0.7782	0.3706
AF9	-0.5878	0.8090	0.0000
AF9H	-0.5806	0.7991	0.1564
AFF1	-0.2028	0.7047	0.6799
AFF10	0.7071	0.7071	0.0000
AFF10H	0.6984	0.6984	0.1564
AFF1H	-0.1023	0.7065	0.7003
AFF2	0.2028	0.7047	0.6799
AFF2H	0.1023	0.7065	0.7003
AFF3	-0.3911	0.6978	0.6001
AFF3H	-0.2997	0.7018	0.6463
AFF4	0.3911	0.6978	0.6001
AFF4H	0.2997	0.7018	0.6463
AFF5	-0.5515	0.6868	0.4734
AFF5H	-0.4756	0.6928	0.5421
AFF6	0.5515	0.6868	0.4734
AFF6H	0.4756	0.6928	0.5421
AFF7	-0.6725	0.6725	0.3090
AFF7H	-0.6175	0.6800	0.3953
AFF8	0.6725	0.6725	0.3090
AFF8H	0.6175	0.6800	0.3953
AFF9	-0.7071	0.7071	0.0000
AFF9H	-0.6984	0.6984	0.1564
AFFZ	0.0000	0.7071	0.7071
AFP1	-0.1160	0.8882	0.4446
AFP10	0.4540	0.8910	0.0000
AFP10H	0.4484	0.8800	0.1564
AFP1H	-0.0582	0.8903	0.4517
AFP2	0.1160	0.8882	0.4446
AFP2H	0.0582	0.8903	0.4517
AFP3	-0.2288	0.8798	0.4167
AFP3H	-0.1730	0.8847	0.4329
AFP4	0.2288	0.8798	0.4167
AFP4H	0.1730	0.8847	0.4329
AFP5	-0.3350	0.8661	0.3711
AFP5H	-0.2829	0.8736	0.3960
AFP6	0.3350	0.8661	0.3711
AFP6H	0.2829	0.8736	0.3960
AFP7	-0.4318	0.8474	0.3090
AFP7H	-0.3848	0.8573	0.3420
AFP8	0.4318	0.8474	0.3090
AFP8H	0.3848	0.8573	0.3420
AFP9	-0.4540	0.8910	0.0000
AFP9H	-0.4484	0.8800	0.1564
AFPZ	0.0000	0.8910	0.4540
AFZ	0.0000	0.8090	0.5878
C1	-0.3090	0.0000	0.9511
C1H	-0.1564	0.0000	0.9877
C2	0.3090	0.0000	0.9511
C2H	0.1564	0.0000	0.9877
C3	-0.5878	0.0000	0.8090
C3H	-0.4540	0.0000	0.8910
C4	0.5878	0.0000	0.8090
C4H	0.4540	0.0000	0.8910
C5	-0.8090	0.0000	0.5878
C5H	-0.7071	0.0000	0.7071
C6	0.8090	0.0000	0.5878
C6H	0.7071	0.0000	0.7071
CCP1	-0.3045	-0.1559	0.9397
CCP1H	-0.1541	-0.1563	0.9757
CCP2	0.3045	-0.1559	0.9397
CCP2H	0.1541	-0.1563	0.9757
CCP3	-0.5795	-0.1543	0.8003
CCP3H	-0.4475	-0.1552	0.8808
CCP4	0.5795	-0.1543	0.8003
CCP4H	0.4475	-0.1552	0.8808
CCP5	-0.7982	-0.1519	0.5830
CCP5H	-0.6974	-0.1532	0.7002
CCP6	0.7982	-0.1519	0.5830
CCP6H	0.6974	-0.1532	0.7002
CCPZ	0.0000	-0.1564	0.9877
CP1	-0.2911	-0.3079	0.9058
CP1H	-0.1473	-0.3087	0.9397
CP2	0.2911	-0.3079	0.9058
CP2H	0.1473	-0.3087	0.9397
CP3	-0.5547	-0.3048	0.7742
CP3H	-0.4280	-0.3066	0.8502
CP4	0.5547	-0.3048	0.7742
CP4H	0.4280	-0.3066	0.8502
CP5	-0.7658	-0.3000	0.5688
CP5H	-0.6682	-0.3026	0.6797
CP6	0.7658	-0.3000	0.5688
CP6H	0.6682	-0.3026	0.6797
CPP1	-0.2692	-0.4524	0.8502
CPP1H	-0.1361	-0.4536	0.8808
CPP2	0.2692	-0.4524	0.8502
CPP2H	0.1361	-0.4536	0.8808
CPP3	-0.5141	-0.4479	0.7315
CPP3H	-0.3961	-0.4505	0.8001
CPP4	0.5141	-0.4479	0.7315
CPP4H	0.3961	-0.4505	0.8001
CPP5	-0.7128	-0.4408	0.5455
CPP5H	-0.6205	-0.4447	0.6460
CPP6	0.7128	-0.4408	0.5455
CPP6H	0.6205	-0.4447	0.6460
CPPZ	0.0000	-0.4540	0.8910
CPZ	0.0000	-0.3090	0.9511
CZ	0.0000	0.0000	1.0000
F1	-0.2394	0.5858	0.7743
F10	0.8090	0.5878	0.0000
F10H	0.7991	0.5806	0.1564
F1H	-0.1210	0.5873	0.8003
F2	0.2394	0.5858	0.7743
F2H	0.1210	0.5873	0.8003
F3	-0.4591	0.5800	0.6730
F3H	-0.3529	0.5833	0.7316
F4	0.4591	0.5800	0.6730
F4H	0.3529	0.5833	0.7316
F5	-0.6408	0.5708	0.5135
F5H	-0.5557	0.5758	0.5998
F6	0.6408	0.5708	0.5135
F6H	0.5557	0.5758	0.5998
F7	-0.7695	0.5590	0.3090
F7H	-0.7125	0.5652	0.4159
F8	0.7695	0.5590	0.3090
F8H	0.7125	0.5652	0.4159
F9	-0.8090	0.5878	0.0000
F9H	-0.7991	0.5806	0.1564
FC1	-0.2911	0.3079	0.9058
FC1H	-0.1473	0.3087	0.9397
FC2	0.2911	0.3079	0.9058
FC2H	0.1473	0.3087	0.9397
FC3	-0.5547	0.3048	0.7742
FC3H	-0.4280	0.3066	0.8502
FC4	0.5547	0.3048	0.7742
FC4H	0.4280	0.3066	0.8502
FC5	-0.7658	0.3000	0.5688
FC5H	-0.6682	0.3026	0.6797
FC6	0.7658	0.3000	0.5688
FC6H	0.6682	0.3026	0.6797
FCC1	-0.3045	0.1559	0.9397
FCC1H	-0.1541	0.1563	0.9757
FCC2	0.3045	0.1559	0.9397
FCC2H	0.1541	0.1563	0.9757
FCC3	-0.5795	0.1543	0.8003
FCC3H	-0.4475	0.1552	0.8808
FCC4	0.5795	0.1543	0.8003
FCC4H	0.4475	0.1552	0.8808
FCC5	-0.7982	0.1519	0.5830
FCC5H	-0.6974	0.1532	0.7002
FCC6	0.7982	0.1519	0.5830
FCC6H	0.6974	0.1532	0.7002
FCCZ	0.0000	0.1564	0.9877
FCZ	0.0000	0.3090	0.9511
FFC1	-0.2692	0.4524	0.8502
FFC1H	-0.1361	0.4536	0.8808
FFC2	0.2692	0.4524	0.8502
FFC2H	0.1361	0.4536	0.8808
FFC3	-0.5141	0.4479	0.7315
FFC3H	-0.3961	0.4505	0.8001
FFC4	0.5141	0.4479	0.7315
FFC4H	0.3961	0.4505	0.8001
FFC5	-0.7128	0.4408	0.5455
FFC5H	-0.6205	0.4447	0.6460
FFC6	0.7128	0.4408	0.5455
FFC6H	0.6205	0.4447	0.6460
FFCZ	0.0000	0.4540	0.8910
FFT10	0.8910	0.4540	0.0000
FFT10H	0.8800	0.4484	0.1564
FFT7	-0.8474	0.4318	0.3090
FFT7H	-0.7890	0.4365	0.4323
FFT8	0.8474	0.4318	0.3090
FFT8H	0.7890	0.4365	0.4323
FFT9	-0.8910	0.4540	0.0000
FFT9H	-0.8800	0.4484	0.1564
FT10	0.9511	0.3090	0.0000
FT10H	0.9394	0.3052	0.1564
FT7	-0.9045	0.2939	0.3090
FT7H	-0.8452	0.2971	0.4443
FT8	0.9045	0.2939	0.3090
FT8H	0.8452	0.2971	0.4443
FT9	-0.9511	0.3090	0.0000
FT9H	-0.9394	0.3052	0.1564
FTT10	0.9877	0.1564	0.0000
FTT10H	0.9755	0.1545	0.1564
FTT7	-0.9394	0.1488	0.3090
FTT7H	-0.8795	0.1504	0.4515
FTT8	0.9394	0.1488	0.3090
FTT8H	0.8795	0.1504	0.4515
FTT9	-0.9877	0.1564	0.0000
FTT9H	-0.9755	0.1545	0.1564
FP1	-0.2939	0.9045	0.3090
FP1H	-0.1488	0.9394	0.3090
FP2	0.2939	0.9045	0.3090
FP2H	0.1488	0.9394	0.3090
FPZ	0.0000	0.9511	0.3090
FZ	0.0000	0.5878	0.8090
I1	-0.3090	-0.9511	0.0000
I1H	-0.1564	-0.9877	0.0000
I2	0.3090	-0.9511	0.0000
I2H	0.1564	-0.9877	0.0000
IZ	0.0000	-1.0000	0.0000
LPA	-1.0000	0.0000	0.0000
N1	-0.3090	0.9511	0.0000
N1H	-0.1564	0.9877	0.0000
N2	0.3090	0.9511	0.0000
N2H	0.1564	0.9877	0.0000
NAS	0.0000	1.0000	0.0000
NFP1	-0.3052	0.9394	0.1564
NFP1H	-0.1545	0.9755	0.1564
NFP2	0.3052	0.9394	0.1564
NFP2H	0.1545	0.9755	0.1564
NFPZ	0.0000	0.9877	0.1564
NZ	0.0000	1.0000	0.0000
O1	-0.2939	-0.9045	0.3090
O1H	-0.1488	-0.9394	0.3090
O2	0.2939	-0.9045	0.3090
O2H	0.1488	-0.9394	0.3090
OI1	-0.3052	-0.9394	0.1564
OI1H	-0.1545	-0.9755	0.1564
OI2	0.3052	-0.9394	0.1564
OI2H	0.1545	-0.9755	0.1564
OIZ	0.0000	-0.9877	0.1564
OZ	0.0000	-0.9511	0.3090
P1	-0.2394	-0.5858	0.7743
P10	0.8090	-0.5878	0.0000
P10H	0.7991	-0.5806	0.1564
P1H	-0.1210	-0.5873	0.8003
P2	0.2394	-0.5858	0.7743
P2H	0.1210	-0.5873	0.8003
P3	-0.4591	-0.5800	0.6730
P3H	-0.3529	-0.5833	0.7316
P4	0.4591	-0.5800	0.6730
P4H	0.3529	-0.5833	0.7316
P5	-0.6408	-0.5708	0.5135
P5H	-0.5557	-0.5758	0.5998
P6	0.6408	-0.5708	0.5135
P6H	0.5557	-0.5758	0.5998
P7	-0.7695	-0.5590	0.3090
P7H	-0.7125	-0.5652	0.4159
P8	0.7695	-0.5590	0.3090
P8H	0.7125	-0.5652	0.4159
P9	-0.8090	-0.5878	0.0000
P9H	-0.7991	-0.5806	0.1564
PO1	-0.1608	-0.8064	0.5692
PO10	0.5878	-0.8090	0.0000
PO10H	0.5806	-0.7991	0.1564
PO1H	-0.0810	-0.8083	0.5832
PO2	0.1608	-0.8064	0.5692
PO2H	0.0810	-0.8083	0.5832
PO3	-0.3130	-0.7986	0.5142
PO3H	-0.2385	-0.8031	0.5461
PO4	0.3130	-0.7986	0.5142
PO4H	0.2385	-0.8031	0.5461
PO5	-0.4481	-0.7861	0.4259
PO5H	-0.3832	-0.7929	0.4740
PO6	0.4481	-0.7861	0.4259
PO6H	0.3832	-0.7929	0.4740
PO7	-0.5590	-0.7695	0.3090
PO7H	-0.5070	-0.7782	0.3706
PO8	0.5590	-0.7695	0.3090
PO8H	0.5070	-0.7782	0.3706
PO9	-0.5878	-0.8090	0.0000
PO9H	-0.5806	-0.7991	0.1564
POO1	-0.1160	-0.8882	0.4446
POO10	0.4540	-0.8910	0.0000
POO10H	0.4484	-0.8800	0.1564
POO1H	-0.0582	-0.8903	0.4517
POO2	0.1160	-0.8882	0.4446
POO2H	0.0582	-0.8903	0.4517
POO3	-0.2288	-0.8798	0.4167
POO3H	-0.1730	-0.8847	0.4329
POO4	0.2288	-0.8798	0.4167
POO4H	0.1730	-0.8847	0.4329
POO5	-0.3350	-0.8661	0.3711
POO5H	-0.2829	-0.8736	0.3960
POO6	0.3350	-0.8661	0.3711
POO6H	0.2829	-0.8736	0.3960
POO7	-0.4318	-0.8474	0.3090
POO7H	-0.3848	-0.8573	0.3420
POO8	0.4318	-0.8474	0.3090
POO8H	0.3848	-0.8573	0.3420
POO9	-0.4540	-0.8910	0.0000
POO9H	-0.4484	-0.8800	0.1564
POOZ	0.0000	-0.8910	0.4540
POZ	0.0000	-0.8090	0.5878
PPO1	-0.2028	-0.7047	0.6799
PPO10	0.7071	-0.7071	0.0000
PPO10H	0.6984	-0.6984	0.1564
PPO1H	-0.1023	-0.7065	0.7003
PPO2	0.2028	-0.7047	0.6799
PPO2H	0.1023	-0.7065	0.7003
PPO3	-0.3911	-0.6978	0.6001
PPO3H	-0.2997	-0.7018	0.6463
PPO4	0.3911	-0.6978	0.6001
PPO4H	0.2997	-0.7018	0.6463
PPO5	-0.5515	-0.6868	0.4734
PPO5H	-0.4756	-0.6928	0.5421
PPO6	0.5515	-0.6868	0.4734
PPO6H	0.4756	-0.6928	0.5421
PPO7	-0.6725	-0.6725	0.3090
PPO7H	-0.6175	-0.6800	0.3953
PPO8	0.6725	-0.6725	0.3090
PPO8H	0.6175	-0.6800	0.3953
PPO9	-0.7071	-0.7071	0.0000
PPO9H	-0.6984	-0.6984	0.1564
PPOZ	0.0000	-0.7071	0.7071
PZ	0.0000	-0.5878	0.8090
RPA	1.0000	0.0000	0.0000
T10	1.0000	0.0000	0.0000
T10H	0.9877	0.0000	0.1564
T7	-0.9511	0.0000	0.3090
T7H	-0.8910	0.0000	0.4540
T8	0.9511	0.0000	0.3090
T8H	0.8910	0.0000	0.4540
T9	-1.0000	0.0000	0.0000
T9H	-0.9877	0.0000	0.1564
TP10	0.9511	-0.3090	0.0000
TP10H	0.9394	-0.3052	0.1564
TP7	-0.9045	-0.2939	0.3090
TP7H	-0.8452	-0.2971	0.4443
TP8	0.9045	-0.2939	0.3090
TP8H	0.8452	-0.2971	0.4443
TP9	-0.9511	-0.3090	0.0000
TP9H	-0.9394	-0.3052	0.1564
TPP10	0.8910	-0.4540	0.0000
TPP10H	0.8800	-0.4484	0.1564
TPP7	-0.8474	-0.4318	0.3090
TPP7H	-0.7890	-0.4365	0.4323
TPP8	0.8474	-0.4318	0.3090
TPP8H	0.7890	-0.4365	0.4323
TPP9	-0.8910	-0.4540	0.0000
TPP9H	-0.8800	-0.4484	0.1564
TTP10	0.9877	-0.1564	0.0000
TTP10H	0.9755	-0.1545	0.1564
TTP7	-0.9394	-0.1488	0.3090
TTP7H	-0.8795	-0.1504	0.4515
TTP8	0.9394	-0.1488	0.3090
TTP8H	0.8795	-0.1504	0.4515
TTP9	-0.9877	-0.1564	0.0000
TTP9H	-0.9755	-0.1545	0.1564